"FavScore","Favorite","Pts","Underdog","DogScore","FavCover","FavDiff","FavWin","HomeDog","HomeScore","AwayScore","HomePts","HomeCover","HomeDiff","HomeWin","Week","Year"
20,"Kansas City",6.5,"Detroit",21,0,-1,0,0,20,21,6.5,0,-1,0,1,2023
24,"Atlanta",2.5,"Carolina",10,1,14,1,0,24,10,2.5,1,14,1,1,2023
3,"Cincinnati",2.5,"Cleveland",24,0,-21,0,1,24,3,-2.5,1,21,1,1,2023
31,"Jacksonville",4.5,"Indianapolis",21,1,10,1,1,21,31,-4.5,0,-10,0,1,2023
20,"Minnesota",6.5,"Tampa Bay",17,0,3,1,0,20,17,6.5,0,3,1,1,2023
16,"New Orleans",3.5,"Tennessee",15,0,1,1,0,16,15,3.5,0,1,1,1,2023
30,"San Francisco",3.5,"Pittsburgh",7,1,23,1,1,7,30,-3.5,0,-23,0,1,2023
20,"Washington",5.5,"Arizona",16,0,4,1,0,20,16,5.5,0,4,1,1,2023
25,"Baltimore",9.5,"Houston",9,1,16,1,0,25,9,9.5,1,16,1,1,2023
20,"Chicago",1.5,"Green Bay",38,0,-18,0,0,20,38,1.5,0,-18,0,1,2023
16,"Denver",3.5,"Las Vegas",17,0,-1,0,0,16,17,3.5,0,-1,0,1,2023
25,"Philadelphia",4.5,"New England",20,1,5,1,1,20,25,-4.5,0,-5,0,1,2023
34,"LA Chargers",1.5,"Miami",36,0,-2,0,0,34,36,1.5,0,-2,0,1,2023
13,"Seattle",4.5,"LA Rams",30,0,-17,0,0,13,30,4.5,0,-17,0,1,2023
40,"Dallas",2.5,"NY Giants",0,1,40,1,1,0,40,-2.5,0,-40,0,1,2023
16,"Buffalo",1.5,"NY Jets",22,0,-6,0,1,22,16,-1.5,1,6,1,1,2023
20,"Kansas City",6.5,"Detroit",21,0,-1,0,0,20,21,6.5,0,-1,0,2,2023
24,"Atlanta",2.5,"Carolina",10,1,14,1,0,24,10,2.5,1,14,1,2,2023
3,"Cincinnati",2.5,"Cleveland",24,0,-21,0,1,24,3,-2.5,1,21,1,2,2023
31,"Jacksonville",4.5,"Indianapolis",21,1,10,1,1,21,31,-4.5,0,-10,0,2,2023
20,"Minnesota",6.5,"Tampa Bay",17,0,3,1,0,20,17,6.5,0,3,1,2,2023
16,"New Orleans",3.5,"Tennessee",15,0,1,1,0,16,15,3.5,0,1,1,2,2023
30,"San Francisco",3.5,"Pittsburgh",7,1,23,1,1,7,30,-3.5,0,-23,0,2,2023
20,"Washington",5.5,"Arizona",16,0,4,1,0,20,16,5.5,0,4,1,2,2023
25,"Baltimore",9.5,"Houston",9,1,16,1,0,25,9,9.5,1,16,1,2,2023
20,"Chicago",1.5,"Green Bay",38,0,-18,0,0,20,38,1.5,0,-18,0,2,2023
16,"Denver",3.5,"Las Vegas",17,0,-1,0,0,16,17,3.5,0,-1,0,2,2023
25,"Philadelphia",4.5,"New England",20,1,5,1,1,20,25,-4.5,0,-5,0,2,2023
34,"LA Chargers",1.5,"Miami",36,0,-2,0,0,34,36,1.5,0,-2,0,2,2023
13,"Seattle",4.5,"LA Rams",30,0,-17,0,0,13,30,4.5,0,-17,0,2,2023
40,"Dallas",2.5,"NY Giants",0,1,40,1,1,0,40,-2.5,0,-40,0,2,2023
16,"Buffalo",1.5,"NY Jets",22,0,-6,0,1,22,16,-1.5,1,6,1,2,2023
30,"San Francisco",10.5,"NY Giants",12,1,18,1,0,30,12,10.5,1,18,1,3,2023
27,"Cleveland",3.5,"Tennessee",3,1,24,1,1,3,27,-3.5,0,-24,0,3,2023
20,"Detroit",3.5,"Atlanta",6,1,14,1,0,20,6,3.5,1,14,1,3,2023
18,"Green Bay",2.5,"New Orleans",17,0,1,1,0,18,17,2.5,0,1,1,3,2023
70,"Miami",6.5,"Denver",20,1,50,1,0,70,20,6.5,1,50,1,3,2023
24,"Minnesota",0.5,"LA Chargers",28,0,-4,0,1,28,24,-0.5,1,4,1,3,2023
15,"New England",2.5,"NY Jets",10,1,5,1,0,15,10,2.5,1,5,1,3,2023
37,"Buffalo",6.5,"Washington",3,1,34,1,1,3,37,-6.5,0,-34,0,3,2023
17,"Jacksonville",9.5,"Houston",37,0,-20,0,1,37,17,-9.5,1,20,1,3,2023
19,"Baltimore",7.5,"Indianapolis",22,0,-3,0,1,22,19,-7.5,1,3,1,3,2023
37,"Seattle",6.5,"Carolina",27,1,10,1,1,27,37,-6.5,0,-10,0,3,2023
41,"Kansas City",13.5,"Chicago",10,1,31,1,0,41,10,13.5,1,31,1,3,2023
16,"Dallas",12.5,"Arizona",28,0,-12,0,0,16,28,12.5,0,-12,0,3,2023
18,"Las Vegas",1.5,"Pittsburgh",23,0,-5,0,1,23,18,-1.5,1,5,1,3,2023
22,"Philadelphia",5.5,"Tampa Bay",11,1,11,1,1,11,22,-5.5,0,-11,0,3,2023
19,"Cincinnati",2.5,"LA Rams",16,1,3,1,1,16,19,-2.5,0,-3,0,3,2023
34,"Detroit",0.5,"Green Bay",20,1,14,1,1,20,34,-0.5,0,-14,0,4,2023
23,"Jacksonville",3.5,"Atlanta",7,1,16,1,0,23,7,3.5,1,16,1,4,2023
48,"Buffalo",2.5,"Miami",20,1,28,1,0,48,20,2.5,1,28,1,4,2023
31,"Denver",3.5,"Chicago",28,0,3,1,1,28,31,-3.5,1,-3,0,4,2023
3,"Cleveland",2.5,"Baltimore",28,0,-25,0,0,3,28,2.5,0,-25,0,4,2023
3,"Cincinnati",2.5,"Tennessee",27,0,-24,0,1,27,3,-2.5,1,24,1,4,2023
23,"Indianapolis",1.5,"LA Rams",29,0,-6,0,0,23,29,1.5,0,-6,0,4,2023
9,"New Orleans",3.5,"Tampa Bay",26,0,-17,0,0,9,26,3.5,0,-17,0,4,2023
34,"Phildelphia",8.5,"Washington",31,0,3,1,0,34,31,8.5,0,3,1,4,2023
21,"Minnesota",3.5,"Carolina",13,1,8,1,1,13,21,-3.5,0,-8,0,4,2023
6,"Pittsburgh",3.5,"Houston",30,0,-24,0,1,30,6,-3.5,1,24,1,4,2023
24,"LA Chargers",5.5,"Las Vegas",17,1,7,1,0,24,17,5.5,1,7,1,4,2023
38,"Dallas",6.5,"New England",3,1,35,1,0,38,3,6.5,1,35,1,4,2023
35,"San Francisco",13.5,"Arizona",16,1,19,1,0,35,16,13.5,1,19,1,4,2023
23,"Kansas City",9.5,"NY Jets",20,0,3,1,1,20,23,-9.5,1,-3,0,4,2023
3,"NY Giants",1.5,"Seattle",24,0,-21,0,0,3,24,1.5,0,-21,0,4,2023
20,"Washington",6.5,"Chicago",40,0,-20,0,0,20,40,6.5,0,-20,0,5,2023
20,"Buffalo",5.5,"Jacksonville",25,0,-5,0,0,20,25,5.5,0,-5,0,5,2023
21,"Atlanta",1.5,"Houston",19,1,2,1,0,21,19,1.5,1,2,1,5,2023
42,"Detroit",8.5,"Carolina",24,1,18,1,0,42,24,8.5,1,18,1,5,2023
23,"Indianapolis",1.5,"Tennessee",16,1,7,1,0,23,16,1.5,1,7,1,5,2023
31,"Miami",9.5,"NY Giants",16,1,15,1,0,31,16,9.5,1,15,1,5,2023
0,"New England",1.5,"New Orleans",34,0,-34,0,0,0,34,1.5,0,-34,0,5,2023
10,"Baltimore",4.5,"Pittsburgh",17,0,-7,0,1,17,10,-4.5,1,7,1,5,2023
23,"Philadelphia",4.5,"LA Rams",14,1,9,1,1,14,23,-4.5,0,-9,0,5,2023
34,"Cincinnati",3.5,"Arizona",20,1,14,1,1,20,34,-3.5,0,-14,0,5,2023
21,"Denver",2.5,"NY Jets",31,0,-10,0,0,21,31,2.5,0,-10,0,5,2023
27,"Kansas City",5.5,"Minnesota",20,1,7,1,1,20,27,-5.5,0,-7,0,5,2023
42,"San Francisco",3.5,"Dallas",10,1,32,1,0,42,10,3.5,1,32,1,5,2023
13,"Green Bay",1.5,"Las Vegas",17,0,-4,0,1,17,13,-1.5,1,4,1,5,2023
19,"Kansas City",10.5,"Denver",8,1,11,1,0,19,8,10.5,1,11,1,6,2023
24,"Baltimore",3.5,"Tennessee",16,1,8,1,1,16,24,-3.5,0,-8,0,6,2023
16,"Atlanta",2.5,"Washington",24,0,-8,0,0,16,24,2.5,0,-8,0,6,2023
19,"Minnesota",2.5,"Chicago",13,1,6,1,1,13,19,-2.5,0,-6,0,6,2023
17,"Cincinnati",3.5,"Seattle",13,1,4,1,0,17,13,3.5,1,4,1,6,2023
17,"San Francisco",5.5,"Cleveland",19,0,-2,0,1,19,17,-5.5,1,2,1,6,2023
42,"Miami",13.5,"Carolina",21,1,21,1,0,42,21,13.5,1,21,1,6,2023
37,"Jacksonville",3.5,"Indianapolis",20,1,17,1,0,37,20,3.5,1,17,1,6,2023
13,"New Orleans",1.5,"Houston",20,0,-7,0,1,20,13,-1.5,1,7,1,6,2023
21,"Las Vegas",3.5,"New England",17,1,4,1,0,21,17,3.5,1,4,1,6,2023
20,"Detroit",3.5,"Tampa Bay",6,1,14,1,1,6,20,-3.5,0,-14,0,6,2023
26,"LA Rams",6.5,"Arizona",9,1,17,1,0,26,9,6.5,1,17,1,6,2023
14,"Philadelphia",6.5,"NY Jets",20,0,-6,0,1,20,14,-6.5,1,6,1,6,2023
14,"Buffalo",14.5,"NY Giants",9,0,5,1,0,14,9,14.5,0,5,1,6,2023
20,"Dallas",2.5,"LA Chargers",17,1,3,1,1,17,20,-2.5,0,-3,0,6,2023
24,"New Orleans",3.5,"Jacksonville",31,0,-7,0,0,24,31,3.5,0,-7,0,7,2023
12,"Las Vegas",3.5,"Chicago",30,0,-18,0,1,30,12,-3.5,1,18,1,7,2023
39,"Cleveland",2.5,"Indianapolis",38,0,1,1,1,38,39,-2.5,1,-1,0,7,2023
25,"Buffalo",8.5,"New England",29,0,-4,0,1,29,25,-8.5,1,4,1,7,2023
7,"Washington",1.5,"NY Giants",14,0,-7,0,1,14,7,-1.5,1,7,1,7,2023
13,"Tampa Bay",2.5,"Atlanta",16,0,-3,0,0,13,16,2.5,0,-3,0,7,2023
38,"Baltimore",3.5,"Detroit",6,1,32,1,0,38,6,3.5,1,32,1,7,2023
17,"LA Rams",3.5,"Pittsburgh",24,0,-7,0,0,17,24,3.5,0,-7,0,7,2023
20,"Seattle",7.5,"Arizona",10,1,10,1,0,20,10,7.5,1,10,1,7,2023
17,"Green Bay",1.5,"Denver",19,0,-2,0,1,19,17,-1.5,1,2,1,7,2023
31,"Kansas City",5.5,"LA Chargers",17,1,14,1,0,31,17,5.5,1,14,1,7,2023
31,"Phildelphia",1.5,"Miami",17,1,14,1,0,31,17,1.5,1,14,1,7,2023
17,"San Francisco",7.5,"Minnesota",22,0,-5,0,1,22,17,-7.5,1,5,1,7,2023
24,"Buffalo",8.5,"Tampa Bay",18,0,6,1,0,24,18,8.5,0,6,1,8,2023
43,"Dallas",6.5,"LA Rams",20,1,23,1,0,43,20,6.5,1,23,1,8,2023
10,"Green Bay",0.5,"Minnesota",24,0,-14,0,0,10,24,0.5,0,-14,0,8,2023
23,"Atlanta",2.5,"Tennessee",28,0,-5,0,1,28,23,-2.5,1,5,1,8,2023
27,"Indianapolis",1.5,"New Orleans",38,0,-11,0,0,27,38,1.5,0,-11,0,8,2023
31,"Miami",9.5,"New England",17,1,14,1,0,31,17,9.5,1,14,1,8,2023
13,"NY Jets",3.5,"NY Giants",10,0,3,1,1,10,13,-3.5,1,-3,0,8,2023
20,"Jacksonville",2.5,"Pittsburgh",10,1,10,1,1,10,20,-2.5,0,-10,0,8,2023
38,"Philadelphia",6.5,"Washington",31,1,7,1,1,31,38,-6.5,0,-7,0,8,2023
13,"Houston",3.5,"Carolina",15,0,-2,0,1,15,13,-3.5,1,2,1,8,2023
24,"Seattle",3.5,"Cleveland",20,1,4,1,0,24,20,3.5,1,4,1,8,2023
9,"Kansas City",7.5,"Denver",24,0,-15,0,1,24,9,-7.5,1,15,1,8,2023
31,"Baltimore",8.5,"Arizona",24,0,7,1,1,24,31,-8.5,1,-7,0,8,2023
17,"San Francisco",5.5,"Cincinnati",31,0,-14,0,0,17,31,5.5,0,-14,0,8,2023
30,"LA Chargers",8.5,"Chicago",13,1,17,1,0,30,13,8.5,1,17,1,8,2023
26,"Detroit",8.5,"Las Vegas",14,1,12,1,0,26,14,8.5,1,12,1,8,2023
20,"Pittsburgh",3.5,"Tennessee",16,1,4,1,0,20,16,3.5,1,4,1,9,2023
21,"Kansas City",2.5,"Miami",14,1,7,1,0,21,14,2.5,1,7,1,9,2023
28,"Atlanta",4.5,"Minnesota",31,0,-3,0,0,28,31,4.5,0,-3,0,9,2023
27,"Cleveland",8.5,"Arizona",0,1,27,1,0,27,0,8.5,1,27,1,9,2023
20,"Green Bay",2.5,"LA Rams",3,1,17,1,0,20,3,2.5,1,17,1,9,2023
17,"New England",3.5,"Washington",20,0,-3,0,0,17,20,3.5,0,-3,0,9,2023
24,"New Orleans",7.5,"Chicago",17,0,7,1,0,24,17,7.5,0,7,1,9,2023
37,"Baltimore",5.5,"Seattle",3,1,34,1,0,37,3,5.5,1,34,1,9,2023
39,"Houston",2.5,"Tampa Bay",37,0,2,1,0,39,37,2.5,0,2,1,9,2023
27,"Indianapolis",2.5,"Carolina",13,1,14,1,1,13,27,-2.5,0,-14,0,9,2023
30,"Las Vegas",2.5,"NY Giants",6,1,24,1,0,30,6,2.5,1,24,1,9,2023
28,"Phildelphia",3.5,"Dallas",23,1,5,1,0,28,23,3.5,1,5,1,9,2023
24,"Cincinnati",2.5,"Buffalo",18,1,6,1,0,24,18,2.5,1,6,1,9,2023
27,"LA Chargers",3.5,"NY Jets",6,1,21,1,1,6,27,-3.5,0,-21,0,9,2023
16,"Chicago",3.5,"Carolina",13,0,3,1,0,16,13,3.5,0,3,1,10,2023
10,"Indianapolis",2.5,"New England",6,1,4,1,1,6,10,-2.5,0,-4,0,10,2023
27,"Cincinnati",6.5,"Houston",30,0,-3,0,0,27,30,6.5,0,-3,0,10,2023
19,"New Orleans",2.5,"Minnesota",27,0,-8,0,1,27,19,-2.5,1,8,1,10,2023
23,"Pittsburgh",3.5,"Green Bay",19,1,4,1,0,23,19,3.5,1,4,1,10,2023
6,"Tennessee",1.5,"Tampa Bay",20,0,-14,0,1,20,6,-1.5,1,14,1,10,2023
34,"San Francisco",2.5,"Jacksonville",3,1,31,1,1,3,34,-2.5,0,-31,0,10,2023
31,"Baltimore",5.5,"Cleveland",33,0,-2,0,0,31,33,5.5,0,-2,0,10,2023
23,"Atlanta",1.5,"Arizona",25,0,-2,0,1,25,23,-1.5,1,2,1,10,2023
41,"Detroit",1.5,"LA Chargers",38,1,3,1,1,38,41,-1.5,0,-3,0,10,2023
49,"Dallas",16.5,"NY Giants",17,1,32,1,0,49,17,16.5,1,32,1,10,2023
29,"Seattle",6.5,"Washington",26,0,3,1,0,29,26,6.5,0,3,1,10,2023
12,"NY Jets",1.5,"Las Vegas",16,0,-4,0,1,16,12,-1.5,1,4,1,10,2023
22,"Buffalo",7.5,"Denver",24,0,-2,0,0,22,24,7.5,0,-2,0,10,2023
34,"Baltimore",3.5,"Cincinnati",20,1,14,1,0,34,20,3.5,1,14,1,11,2023
13,"Cleveland",3.5,"Pittsburgh",10,0,3,1,0,13,10,3.5,0,3,1,11,2023
31,"Detroit",9.5,"Chicago",26,0,5,1,0,31,26,9.5,0,5,1,11,2023
20,"LA Chargers",2.5,"Green Bay",23,0,-3,0,1,23,20,-2.5,1,3,1,11,2023
13,"Miami",11.5,"Las Vegas",20,0,-7,0,0,13,20,11.5,0,-7,0,11,2023
19,"Washington",10.5,"NY Giants",31,0,-12,0,0,19,31,10.5,0,-12,0,11,2023
33,"Dallas",10.5,"Carolina",10,1,23,1,1,10,33,-10.5,0,-23,0,11,2023
34,"Jacksonville",6.5,"Tennessee",14,1,20,1,0,34,14,6.5,1,20,1,11,2023
21,"Houston",5.5,"Arizona",16,0,5,1,0,21,16,5.5,0,5,1,11,2023
27,"San Francisco",10.5,"Tampa Bay",14,1,13,1,0,27,14,10.5,1,13,1,11,2023
32,"Buffalo",6.5,"NY Jets",6,1,26,1,0,32,6,6.5,1,26,1,11,2023
16,"Seattle",2.5,"LA Rams",17,0,-1,0,1,17,16,-2.5,1,1,1,11,2023
21,"Denver",2.5,"Minnesota",20,0,1,1,0,21,20,2.5,0,1,1,11,2023
17,"Kansas City",2.5,"Philadelphia",21,0,-4,0,0,17,21,2.5,0,-4,0,11,2023
22,"Detroit",7.5,"Green Bay",29,0,-7,0,0,22,29,7.5,0,-7,0,12,2023
45,"Dallas",10.5,"Washington",10,1,35,1,0,45,10,10.5,1,35,1,12,2023
31,"San Francisco",6.5,"Seattle",13,1,18,1,1,13,31,-6.5,0,-18,0,12,2023
34,"Miami",9.5,"NY Jets",13,1,21,1,1,13,34,-9.5,0,-21,0,12,2023
24,"Atlanta",1.5,"New Orleans",15,1,9,1,0,24,15,1.5,1,9,1,12,2023
16,"Pittsburgh",1.5,"Cincinnati",10,1,6,1,1,10,16,-1.5,0,-6,0,12,2023
17,"Tennessee",3.5,"Carolina",10,1,7,1,0,17,10,3.5,1,7,1,12,2023
27,"Indianapolis",2.5,"Tampa Bay",20,1,7,1,0,27,20,2.5,1,7,1,12,2023
7,"New England",2.5,"NY Giants",10,0,-3,0,1,10,7,-2.5,1,3,1,12,2023
24,"Jacksonville",0.5,"Houston",21,1,3,1,1,21,24,-0.5,0,-3,0,12,2023
29,"Denver",2.5,"Cleveland",12,1,17,1,0,29,12,2.5,1,17,1,12,2023
37,"LA Rams",0.5,"Arizona",14,1,23,1,1,14,37,-0.5,0,-23,0,12,2023
31,"Kansas City",9.5,"Las Vegas",17,1,14,1,1,17,31,-9.5,0,-14,0,12,2023
37,"Phildelphia",3.5,"Buffalo",34,0,3,1,0,37,34,3.5,0,3,1,12,2023
20,"Baltimore",4.5,"LA Chargers",10,1,10,1,1,10,20,-4.5,0,-10,0,12,2023
10,"Minnesota",3.5,"Chicago",12,0,-2,0,0,10,12,3.5,0,-2,0,12,2023
41,"Dallas",7.5,"Seattle",35,0,6,1,0,41,35,7.5,0,6,1,13,2023
31,"Indianapolis",2.5,"Tennessee",28,1,3,1,1,28,31,-2.5,0,-3,0,13,2023
6,"LA Chargers",5.5,"New England",0,1,6,1,1,0,6,-5.5,0,-6,0,13,2023
33,"Detroit",3.5,"New Orleans",28,1,5,1,1,28,33,-3.5,0,-5,0,13,2023
13,"Atlanta",3.5,"NY Jets",8,1,5,1,1,8,13,-3.5,0,-5,0,13,2023
10,"Pittsburgh",5.5,"Arizona",24,0,-14,0,0,10,24,5.5,0,-14,0,13,2023
45,"Miami",9.5,"Washington",15,1,30,1,1,15,45,-9.5,0,-30,0,13,2023
22,"Houston",3.5,"Denver",17,1,5,1,0,22,17,3.5,1,5,1,13,2023
21,"Tampa Bay",5.5,"Carolina",18,0,3,1,0,21,18,5.5,0,3,1,13,2023
36,"LA Rams",4.5,"Cleveland",19,1,17,1,0,36,19,4.5,1,17,1,13,2023
42,"San Francisco",2.5,"Phildelphia",19,1,23,1,1,19,42,-2.5,0,-23,0,13,2023
19,"Kansas City",6.5,"Green Bay",27,0,-8,0,1,27,19,-6.5,1,8,1,13,2023
31,"Jacksonville",8.5,"Cincinnati",34,0,-3,0,0,31,34,8.5,0,-3,0,13,2023
18,"Pittsburgh",5.5,"New England",21,0,-3,0,0,18,21,5.5,0,-3,0,14,2023
25,"Atlanta",2.5,"Tampa Bay",29,0,-4,0,0,25,29,2.5,0,-4,0,14,2023
13,"Detroit",3.5,"Chicago",28,0,-15,0,1,28,13,-3.5,1,15,1,14,2023
14,"Indianapolis",0.5,"Cincinnati",34,0,-20,0,1,34,14,-0.5,1,20,1,14,2023
31,"Cleveland",2.5,"Jacksonville",27,1,4,1,0,31,27,2.5,1,4,1,14,2023
28,"New Orleans",5.5,"Carolina",6,1,22,1,0,28,6,5.5,1,22,1,14,2023
6,"Houston",6.5,"NY Jets",30,0,-24,0,1,30,6,-6.5,1,24,1,14,2023
37,"Baltimore",7.5,"LA Rams",31,0,6,1,0,37,31,7.5,0,6,1,14,2023
3,"Minnesota",2.5,"Las Vegas",0,1,3,1,1,0,3,-2.5,0,-3,0,14,2023
28,"San Francisco",10.5,"Seattle",16,1,12,1,0,28,16,10.5,1,12,1,14,2023
17,"Kansas City",2.5,"Buffalo",20,0,-3,0,0,17,20,2.5,0,-3,0,14,2023
7,"LA Chargers",2.5,"Denver",24,0,-17,0,0,7,24,2.5,0,-17,0,14,2023
33,"Dallas",3.5,"Philadelphia",13,1,20,1,0,33,13,3.5,1,20,1,14,2023
27,"Miami",13.5,"Tennessee",28,0,-1,0,0,27,28,13.5,0,-1,0,14,2023
22,"Green Bay",6.5,"NY Giants",24,0,-2,0,1,24,22,-6.5,1,2,1,14,2023
63,"Las Vegas",2.5,"LA Chargers",21,1,42,1,0,63,21,2.5,1,42,1,15,2023
27,"Cincinnati",3.5,"Minnesota",24,0,3,1,0,27,24,3.5,0,3,1,15,2023
30,"Indianapolis",2.5,"Pittsburgh",13,1,17,1,0,30,13,2.5,1,17,1,15,2023
42,"Detroit",4.5,"Denver",17,1,25,1,0,42,17,4.5,1,25,1,15,2023
20,"Cleveland",3.5,"Chicago",17,0,3,1,0,20,17,3.5,0,3,1,15,2023
7,"Atlanta",3.5,"Carolina",9,0,-2,0,1,9,7,-3.5,1,2,1,15,2023
20,"Green Bay",3.5,"Tampa Bay",34,0,-14,0,0,20,34,3.5,0,-14,0,15,2023
16,"Tennessee",2.5,"Houston",19,0,-3,0,0,16,19,2.5,0,-3,0,15,2023
30,"Miami",8.5,"NY Jets",0,1,30,1,0,30,0,8.5,1,30,1,15,2023
24,"New Orleans",4.5,"NY Giants",6,1,18,1,0,24,6,4.5,1,18,1,15,2023
27,"Kansas City",9.5,"New England",17,1,10,1,1,17,27,-9.5,0,-10,0,15,2023
28,"LA Rams",6.5,"Washington",20,1,8,1,0,28,20,6.5,1,8,1,15,2023
45,"San Francisco",13.5,"Arizona",29,1,16,1,1,29,45,-13.5,0,-16,0,15,2023
31,"Buffalo",2.5,"Dallas",10,1,21,1,0,31,10,2.5,1,21,1,15,2023
23,"Baltimore",2.5,"Jacksonville",7,1,16,1,1,7,23,-2.5,0,-16,0,15,2023
17,"Philadelphia",3.5,"Seattle",20,0,-3,0,1,20,17,-3.5,1,3,1,15,2023
30,"LA Rams",4.5,"New Orleans",22,1,8,1,0,30,22,4.5,1,8,1,16,2023
11,"Cincinnati",2.5,"Pittsburgh",34,0,-23,0,1,34,11,-2.5,1,23,1,16,2023
24,"Buffalo",13.5,"LA Chargers",22,0,2,1,1,22,24,-13.5,1,-2,0,16,2023
10,"Indianapolis",2.5,"Atlanta",20,0,-10,0,1,20,10,-2.5,1,10,1,16,2023
20,"Seattle",2.5,"Tennessee",17,1,3,1,1,17,20,-2.5,0,-3,0,16,2023
30,"Detroit",3.5,"Minnesota",24,1,6,1,1,24,30,-3.5,0,-6,0,16,2023
30,"NY Jets",3.5,"Washington",28,0,2,1,0,30,28,3.5,0,2,1,16,2023
33,"Green Bay",4.5,"Carolina",30,0,3,1,1,30,33,-4.5,1,-3,0,16,2023
22,"Houston",2.5,"Cleveland",36,0,-14,0,0,22,36,2.5,0,-14,0,16,2023
12,"Jacksonville",0.5,"Tampa Bay",30,0,-18,0,1,30,12,-0.5,1,18,1,16,2023
27,"Chicago",4.5,"Arizona",16,1,11,1,0,27,16,4.5,1,11,1,16,2023
22,"Miami",1.5,"Dallas",20,1,2,1,0,22,20,1.5,1,2,1,16,2023
23,"Denver",6.5,"New England",26,0,-3,0,0,23,26,6.5,0,-3,0,16,2023
14,"Kansas City",9.5,"Las Vegas",20,0,-6,0,0,14,20,9.5,0,-6,0,16,2023
33,"Phildelphia",10.5,"NY Giants",25,0,8,1,0,33,25,10.5,0,8,1,16,2023
19,"San Francisco",5.5,"Baltimore",33,0,-14,0,0,19,33,5.5,0,-14,0,16,2023
37,"Cleveland",7.5,"NY Jets",20,1,17,1,0,37,20,7.5,1,17,1,17,2023
20,"Dallas",6.5,"Detroit",19,0,1,1,0,20,19,6.5,0,1,1,17,2023
27,"Buffalo",11.5,"New England",21,0,6,1,0,27,21,11.5,0,6,1,17,2023
37,"Chicago",2.5,"Atlanta",17,1,20,1,0,37,17,2.5,1,20,1,17,2023
23,"Indianapolis",2.5,"Las Vegas",20,1,3,1,0,23,20,2.5,1,3,1,17,2023
26,"LA Rams",6.5,"NY Giants",25,0,1,1,1,25,26,-6.5,1,-1,0,17,2023
31,"Phildelphia",12.5,"Arizona",35,0,-4,0,0,31,35,12.5,0,-4,0,17,2023
13,"Tampa Bay",3.5,"New Orleans",23,0,-10,0,0,13,23,3.5,0,-10,0,17,2023
27,"San Francisco",13.5,"Washington",10,1,17,1,1,10,27,-13.5,0,-17,0,17,2023
26,"Jacksonville",6.5,"Carolina",0,1,26,1,0,26,0,6.5,1,26,1,17,2023
56,"Baltimore",3.5,"Miami",19,1,37,1,0,56,19,3.5,1,37,1,17,2023
26,"Houston",3.5,"Tennessee",3,1,23,1,0,26,3,3.5,1,23,1,17,2023
23,"Seattle",3.5,"Pittsburgh",30,0,-7,0,0,23,30,3.5,0,-7,0,17,2023
16,"Denver",5.5,"LA Chargers",9,1,7,1,0,16,9,5.5,1,7,1,17,2023
25,"Kansas City",7.5,"Cincinnati",17,1,8,1,0,25,17,7.5,1,8,1,17,2023
10,"Minnesota",2.5,"Green Bay",33,0,-23,0,0,10,33,2.5,0,-23,0,17,2023
17,"Pittsburgh",3.5,"Baltimore",10,1,7,1,1,10,17,-3.5,0,-7,0,18,2023
19,"Indianapolis",1.5,"Houston",23,0,-4,0,0,19,23,1.5,0,-4,0,18,2023
31,"Cincinnati",5.5,"Cleveland",14,1,17,1,0,31,14,5.5,1,17,1,18,2023
30,"Detroit",3.5,"Minnesota",20,1,10,1,0,30,20,3.5,1,10,1,18,2023
20,"Jacksonville",4.5,"Tennessee",28,0,-8,0,1,28,20,-4.5,1,8,1,18,2023
3,"New England",2.5,"NY Jets",17,0,-14,0,0,3,17,2.5,0,-14,0,18,2023
48,"New Orleans",3.5,"Atlanta",17,1,31,1,0,48,17,3.5,1,31,1,18,2023
9,"Tampa Bay",5.5,"Carolina",0,1,9,1,1,0,9,-5.5,0,-9,0,18,2023
17,"Green Bay",3.5,"Chicago",9,1,8,1,0,17,9,3.5,1,8,1,18,2023
27,"Las Vegas",2.5,"Denver",14,1,13,1,0,27,14,2.5,1,13,1,18,2023
10,"Philadelphia",5.5,"NY Giants",27,0,-17,0,1,27,10,-5.5,1,17,1,18,2023
21,"Seattle",3.5,"Arizona",20,0,1,1,0,21,20,3.5,0,1,1,18,2023
12,"LA Chargers",1.5,"Kansas City",13,0,-1,0,0,12,13,1.5,0,-1,0,18,2023
20,"San Francisco",3.5,"LA Rams",21,0,-1,0,0,20,21,3.5,0,-1,0,18,2023
38,"Dallas",13.5,"Washington",10,1,28,1,1,10,38,-13.5,0,-28,0,18,2023
21,"Buffalo",2.5,"Miami",14,1,7,1,1,14,21,-2.5,0,-7,0,18,2023
27,"Kansas City",2.5,"Baltimore",20,1,7,1,0,27,20,2.5,1,7,1,1,2024
34,"Phildelphia",1.5,"Green Bay",29,1,5,1,0,34,29,1.5,1,5,1,1,2024
10,"Atlanta",2.5,"Pittsburgh",18,0,-8,0,0,10,18,2.5,0,-8,0,1,2024
34,"Buffalo",6.5,"Arizona",28,0,6,1,0,34,28,6.5,0,6,1,1,2024
24,"Chicago",4.5,"Tennessee",17,1,7,1,0,24,17,4.5,1,7,1,1,2024
10,"Cincinnati",8.5,"New England",16,0,-6,0,0,10,16,8.5,0,-6,0,1,2024
29,"Houston",1.5,"Indianapolis",27,1,2,1,1,27,29,-1.5,0,-2,0,1,2024
20,"Miami",3.5,"Jacksonville",17,0,3,1,0,20,17,3.5,0,3,1,1,2024
47,"New Orleans",4.5,"Carolina",10,1,37,1,0,47,10,4.5,1,37,1,1,2024
28,"Minnesota",1.5,"NY Giants",6,1,22,1,1,6,28,-1.5,0,-22,0,1,2024
22,"LA Chargers",3.5,"Las Vegas",10,1,12,1,0,22,10,3.5,1,12,1,1,2024
26,"Seattle",4.5,"Denver",20,1,6,1,0,26,20,4.5,1,6,1,1,2024
33,"Dallas",1.5,"Cleveland",17,1,16,1,1,17,33,-1.5,0,-16,0,1,2024
37,"Tampa Bay",4.5,"Washington",20,1,17,1,0,37,20,4.5,1,17,1,1,2024
26,"Detroit",3.5,"LA Rams",20,1,6,1,0,26,20,3.5,1,6,1,1,2024
32,"San Francisco",6.5,"NY Jets",19,1,13,1,0,32,19,6.5,1,13,1,1,2024
10,"Miami",1.5,"Buffalo",31,0,-21,0,0,10,31,1.5,0,-21,0,2,2024
19,"Dallas",6.5,"New Orleans",44,0,-25,0,0,19,44,6.5,0,-25,0,2,2024
16,"Detroit",6.5,"Tampa Bay",20,0,-4,0,0,16,20,6.5,0,-4,0,2,2024
10,"Indianapolis",3.5,"Green Bay",16,0,-6,0,1,16,10,-3.5,1,6,1,2,2024
24,"NY Jets",3.5,"Tennessee",17,1,7,1,1,17,24,-3.5,0,-7,0,2,2024
17,"San Francisco",4.5,"Minnesota",23,0,-6,0,1,23,17,-4.5,1,6,1,2,2024
23,"Seattle",3.5,"New England",20,0,3,1,1,20,23,-3.5,1,-3,0,2,2024
21,"Washington",2.5,"NY Giants",18,1,3,1,0,21,18,2.5,1,3,1,2,2024
26,"LA Chargers",6.5,"Carolina",3,1,23,1,1,3,26,-6.5,0,-23,0,2,2024
13,"Jacksonville",3.5,"Cleveland",18,0,-5,0,0,13,18,3.5,0,-5,0,2,2024
23,"Baltimore",9.5,"Las Vegas",26,0,-3,0,0,23,26,9.5,0,-3,0,2,2024
41,"Arizona",0.5,"LA Rams",10,1,31,1,0,41,10,0.5,1,31,1,2,2024
13,"Pittsburgh",2.5,"Denver",6,1,7,1,1,6,13,-2.5,0,-7,0,2,2024
26,"Kansas City",5.5,"Cincinnati",25,0,1,1,0,26,25,5.5,0,1,1,2,2024
19,"Houston",6.5,"Chicago",13,0,6,1,0,19,13,6.5,0,6,1,2,2024
21,"Phildelphia",6.5,"Atlanta",22,0,-1,0,0,21,22,6.5,0,-1,0,2,2024
24,"NY Jets",6.5,"New England",3,1,21,1,0,24,3,6.5,1,21,1,3,2024
15,"Cleveland",6.5,"NY Giants",21,0,-6,0,0,15,21,6.5,0,-6,0,3,2024
14,"Tennessee",2.5,"Green Bay",30,0,-16,0,0,14,30,2.5,0,-16,0,3,2024
21,"Indianapolis",1.5,"Chicago",16,1,5,1,0,21,16,1.5,1,5,1,3,2024
7,"Houston",2.5,"Minnesota",34,0,-27,0,1,34,7,-2.5,1,27,1,3,2024
12,"New Orleans",2.5,"Philadelphia",15,0,-3,0,0,12,15,2.5,0,-3,0,3,2024
20,"Pittsburgh",2.5,"LA Chargers",10,1,10,1,0,20,10,2.5,1,10,1,3,2024
7,"Tampa Bay",6.5,"Denver",26,0,-19,0,0,7,26,6.5,0,-19,0,3,2024
22,"Las Vegas",5.5,"Carolina",36,0,-14,0,0,22,36,5.5,0,-14,0,3,2024
24,"Seattle",5.5,"Miami",3,1,21,1,0,24,3,5.5,1,21,1,3,2024
28,"Baltimore",0.5,"Dallas",25,1,3,1,1,25,28,-0.5,0,-3,0,3,2024
24,"San Francisco",6.5,"LA Rams",27,0,-3,0,1,27,24,-6.5,1,3,1,3,2024
20,"Detroit",2.5,"Arizona",13,1,7,1,1,13,20,-2.5,0,-7,0,3,2024
22,"Kansas City",3.5,"Atlanta",17,1,5,1,1,17,22,-3.5,0,-5,0,3,2024
47,"Buffalo",5.5,"Jacksonville",10,1,37,1,0,47,10,5.5,1,37,1,3,2024
33,"Cincinnati",7.5,"Washington",38,0,-5,0,0,33,38,7.5,0,-5,0,3,2024
20,"Dallas",4.5,"NY Giants",15,1,5,1,1,15,20,-4.5,0,-5,0,4,2024
26,"Atlanta",1.5,"New Orleans",24,1,2,1,0,26,24,1.5,1,2,1,4,2024
24,"Chicago",2.5,"LA Rams",18,1,6,1,0,24,18,2.5,1,6,1,4,2024
29,"Green Bay",2.5,"Minnesota",31,0,-2,0,0,29,31,2.5,0,-2,0,4,2024
24,"Pittsburgh",1.5,"Indianapolis",27,0,-3,0,1,27,24,-1.5,1,3,1,4,2024
9,"NY Jets",6.5,"Denver",10,0,-1,0,0,9,10,6.5,0,-1,0,4,2024
16,"Philadelphia",2.5,"Tampa Bay",33,0,-17,0,1,33,16,-2.5,1,17,1,4,2024
34,"Cincinnati",4.5,"Carolina",24,1,10,1,1,24,34,-4.5,0,-10,0,4,2024
24,"Houston",6.5,"Jacksonville",20,0,4,1,0,24,20,6.5,0,4,1,4,2024
14,"Arizona",3.5,"Washington",42,0,-28,0,0,14,42,3.5,0,-28,0,4,2024
30,"San Francisco",9.5,"New England",13,1,17,1,0,30,13,9.5,1,17,1,4,2024
20,"Las Vegas",1.5,"Cleveland",16,1,4,1,0,20,16,1.5,1,4,1,4,2024
17,"Kansas City",7.5,"LA Chargers",10,0,7,1,1,10,17,-7.5,1,-7,0,4,2024
35,"Baltimore",2.5,"Buffalo",10,1,25,1,1,10,35,-2.5,0,-25,0,4,2024
31,"Tennessee",0.5,"Miami",12,1,19,1,1,12,31,-0.5,0,-19,0,4,2024
42,"Detroit",4.5,"Seattle",29,1,13,1,0,42,29,4.5,1,13,1,4,2024
36,"Atlanta",1.5,"Tampa Bay",30,1,6,1,0,36,30,1.5,1,6,1,5,2024
23,"Minnesota",2.5,"NY Jets",17,1,6,1,0,23,17,2.5,1,6,1,5,2024
36,"Chicago",3.5,"Carolina",10,1,26,1,0,36,10,3.5,1,26,1,5,2024
41,"Baltimore",2.5,"Cincinnati",28,1,13,1,1,28,41,-2.5,0,-13,0,5,2024
10,"New England",1.5,"Miami",15,0,-5,0,0,10,15,1.5,0,-5,0,5,2024
34,"Washington",3.5,"Cleveland",13,1,21,1,0,34,13,3.5,1,21,1,5,2024
37,"Jacksonville",2.5,"Indianapolis",34,1,3,1,0,37,34,2.5,1,3,1,5,2024
23,"Houston",1.5,"Buffalo",20,1,3,1,0,23,20,1.5,1,3,1,5,2024
34,"Denver",2.5,"Las Vegas",18,1,16,1,0,34,18,2.5,1,16,1,5,2024
23,"San Francisco",7.5,"Arizona",24,0,-1,0,0,23,24,7.5,0,-1,0,5,2024
24,"Green Bay",3.5,"LA Rams",19,1,5,1,1,19,24,-3.5,0,-5,0,5,2024
20,"Seattle",6.5,"NY Giants",29,0,-9,0,0,20,29,6.5,0,-9,0,5,2024
17,"Pittsburgh",2.5,"Dallas",20,0,-3,0,0,17,20,2.5,0,-3,0,5,2024
26,"Kansas City",5.5,"New Orleans",13,1,13,1,0,26,13,5.5,1,13,1,5,2024
36,"San Francisco",3.5,"Seattle",24,1,12,1,1,24,36,-3.5,0,-12,0,6,2024
35,"Chicago",2.5,"Jacksonville",16,1,19,1,0,35,16,2.5,1,19,1,6,2024
34,"Green Bay",4.5,"Arizona",13,1,21,1,0,34,13,4.5,1,21,1,6,2024
20,"Indianapolis",0.5,"Tennessee",17,1,3,1,1,17,20,-0.5,0,-3,0,6,2024
41,"Houston",6.5,"New England",21,1,20,1,1,21,41,-6.5,0,-20,0,6,2024
51,"Tampa Bay",2.5,"New Orleans",27,1,24,1,1,27,51,-2.5,0,-24,0,6,2024
20,"Phildelphia",8.5,"Cleveland",16,0,4,1,0,20,16,8.5,0,4,1,6,2024
30,"Baltimore",6.5,"Washington",23,1,7,1,0,30,23,6.5,1,7,1,6,2024
23,"LA Chargers",2.5,"Denver",16,1,7,1,1,16,23,-2.5,0,-7,0,6,2024
32,"Pittsburgh",2.5,"Las Vegas",13,1,19,1,1,13,32,-2.5,0,-19,0,6,2024
47,"Detroit",3.5,"Dallas",9,1,38,1,1,9,47,-3.5,0,-38,0,6,2024
38,"Atlanta",6.5,"Carolina",20,1,18,1,1,20,38,-6.5,0,-18,0,6,2024
17,"Cincinnati",3.5,"NY Giants",7,1,10,1,1,7,17,-3.5,0,-10,0,6,2024
23,"Buffalo",2.5,"NY Jets",20,1,3,1,1,20,23,-2.5,0,-3,0,6,2024
33,"Denver",1.5,"New Orleans",10,1,23,1,1,10,33,-1.5,0,-23,0,7,2024
32,"Jacksonville",5.5,"New England",16,1,16,1,0,32,16,5.5,1,16,1,7,2024
14,"Atlanta",3.5,"Seattle",34,0,-20,0,0,14,34,3.5,0,-20,0,7,2024
34,"Buffalo",8.5,"Tennessee",10,1,24,1,0,34,10,8.5,1,24,1,7,2024
21,"Cincinnati",4.5,"Cleveland",14,1,7,1,1,14,21,-4.5,0,-7,0,7,2024
22,"Green Bay",2.5,"Houston",22,0,0,0,0,22,22,2.5,0,0,0,7,2024
16,"Indianapolis",3.5,"Miami",10,1,6,1,0,16,10,3.5,1,6,1,7,2024
29,"Minnesota",2.5,"Detroit",31,0,-2,0,0,29,31,2.5,0,-2,0,7,2024
28,"Philadelphia",3.5,"NY Giants",3,1,25,1,1,3,28,-3.5,0,-25,0,7,2024
20,"LA Rams",5.5,"Las Vegas",15,0,5,1,0,20,15,5.5,0,5,1,7,2024
40,"Washington",7.5,"Carolina",7,1,33,1,0,40,7,7.5,1,33,1,7,2024
18,"San Francisco",1.5,"Kansas City",28,0,-10,0,0,18,28,1.5,0,-10,0,7,2024
15,"NY Jets",0.5,"Pittsburgh",37,0,-22,0,1,37,15,-0.5,1,22,1,7,2024
41,"Baltimore",3.5,"Tampa Bay",31,1,10,1,1,31,41,-3.5,0,-10,0,7,2024
15,"LA Chargers",2.5,"Arizona",17,0,-2,0,1,17,15,-2.5,1,2,1,7,2024
20,"Minnesota",2.5,"LA Rams",30,0,-10,0,1,30,20,-2.5,1,10,1,8,2024
24,"Baltimore",9.5,"Cleveland",29,0,-5,0,1,29,24,-9.5,1,5,1,8,2024
52,"Detroit",11.5,"Tennessee",14,1,38,1,0,52,14,11.5,1,38,1,8,2024
27,"Miami",3.5,"Arizona",28,0,-1,0,0,27,28,3.5,0,-1,0,8,2024
22,"NY Jets",7.5,"New England",25,0,-3,0,1,25,22,-7.5,1,3,1,8,2024
26,"Tampa Bay",2.5,"Atlanta",31,0,-5,0,0,26,31,2.5,0,-5,0,8,2024
30,"Green Bay",4.5,"Jacksonville",27,0,3,1,1,27,30,-4.5,1,-3,0,8,2024
23,"Houston",5.5,"Indianapolis",20,0,3,1,0,23,20,5.5,0,3,1,8,2024
17,"Cincinnati",2.5,"Philadelphia",37,0,-20,0,0,17,37,2.5,0,-20,0,8,2024
26,"LA Chargers",7.5,"New Orleans",8,1,18,1,0,26,8,7.5,1,18,1,8,2024
31,"Buffalo",2.5,"Seattle",10,1,21,1,1,10,31,-2.5,0,-21,0,8,2024
15,"Chicago",2.5,"Washington",18,0,-3,0,1,18,15,-2.5,1,3,1,8,2024
28,"Denver",7.5,"Carolina",14,1,14,1,0,28,14,7.5,1,14,1,8,2024
27,"Kansas City",9.5,"Las Vegas",20,0,7,1,1,20,27,-9.5,1,-7,0,8,2024
30,"San Francisco",5.5,"Dallas",24,1,6,1,0,30,24,5.5,1,6,1,8,2024
26,"Pittsburgh",6.5,"NY Giants",18,1,8,1,0,26,18,6.5,1,8,1,8,2024
21,"NY Jets",0.5,"Houston",13,1,8,1,0,21,13,0.5,1,8,1,9,2024
27,"Atlanta",2.5,"Dallas",21,1,6,1,0,27,21,2.5,1,6,1,9,2024
30,"Buffalo",6.5,"Miami",27,0,3,1,0,30,27,6.5,0,3,1,9,2024
41,"Cincinnati",7.5,"Las Vegas",24,1,17,1,0,41,24,7.5,1,17,1,9,2024
27,"LA Chargers",1.5,"Cleveland",10,1,17,1,1,10,27,-1.5,0,-17,0,9,2024
20,"Tennessee",2.5,"New England",17,1,3,1,0,20,17,2.5,1,3,1,9,2024
27,"Washington",2.5,"NY Giants",22,1,5,1,1,22,27,-2.5,0,-5,0,9,2024
22,"New Orleans",6.5,"Carolina",23,0,-1,0,1,23,22,-6.5,1,1,1,9,2024
41,"Baltimore",9.5,"Denver",10,1,31,1,0,41,10,9.5,1,31,1,9,2024
29,"Arizona",1.5,"Chicago",9,1,20,1,0,29,9,1.5,1,20,1,9,2024
28,"Phildelphia",7.5,"Jacksonville",23,0,5,1,0,28,23,7.5,0,5,1,9,2024
24,"Detroit",4.5,"Green Bay",14,1,10,1,1,14,24,-4.5,0,-10,0,9,2024
20,"Seattle",0.5,"LA Rams",26,0,-6,0,0,20,26,0.5,0,-6,0,9,2024
21,"Minnesota",5.5,"Indianapolis",13,1,8,1,0,21,13,5.5,1,8,1,9,2024
30,"Kansas City",8.5,"Tampa Bay",24,0,6,1,0,30,24,8.5,0,6,1,9,2024
35,"Baltimore",5.5,"Cincinnati",34,0,1,1,0,35,34,5.5,0,1,1,10,2024
17,"NY Giants",4.5,"Carolina",20,0,-3,0,1,20,17,-4.5,1,3,1,10,2024
3,"Chicago",6.5,"New England",19,0,-16,0,0,3,19,6.5,0,-16,0,10,2024
30,"Buffalo",3.5,"Indianapolis",20,1,10,1,1,20,30,-3.5,0,-10,0,10,2024
16,"Kansas City",9.5,"Denver",14,0,2,1,0,16,14,9.5,0,2,1,10,2024
17,"Atlanta",3.5,"New Orleans",20,0,-3,0,1,20,17,-3.5,1,3,1,10,2024
23,"San Francisco",5.5,"Tampa Bay",20,0,3,1,1,20,23,-5.5,1,-3,0,10,2024
27,"Washington",2.5,"Pittsburgh",28,0,-1,0,0,27,28,2.5,0,-1,0,10,2024
12,"Minnesota",4.5,"Jacksonville",7,1,5,1,1,7,12,-4.5,0,-5,0,10,2024
27,"LA Chargers",7.5,"Tennessee",17,1,10,1,0,27,17,7.5,1,10,1,10,2024
34,"Philadelphia",7.5,"Dallas",6,1,28,1,1,6,34,-7.5,0,-28,0,10,2024
31,"Arizona",0.5,"NY Jets",6,1,25,1,0,31,6,0.5,1,25,1,10,2024
26,"Detroit",3.5,"Houston",23,0,3,1,1,23,26,-3.5,1,-3,0,10,2024
15,"LA Rams",2.5,"Miami",23,0,-8,0,0,15,23,2.5,0,-8,0,10,2024
26,"Phildelphia",3.5,"Washington",18,1,8,1,0,26,18,3.5,1,8,1,11,2024
20,"Green Bay",6.5,"Chicago",19,0,1,1,1,19,20,-6.5,1,-1,0,11,2024
52,"Detroit",13.5,"Jacksonville",6,1,46,1,0,52,6,13.5,1,46,1,11,2024
23,"Minnesota",6.5,"Tennessee",13,1,10,1,1,13,23,-6.5,0,-10,0,11,2024
34,"Miami",7.5,"Las Vegas",19,1,15,1,0,34,19,7.5,1,15,1,11,2024
28,"LA Rams",5.5,"New England",22,1,6,1,1,22,28,-5.5,0,-6,0,11,2024
35,"New Orleans",1.5,"Cleveland",14,1,21,1,0,35,14,1.5,1,21,1,11,2024
16,"Baltimore",3.5,"Pittsburgh",18,0,-2,0,1,18,16,-3.5,1,2,1,11,2024
27,"NY Jets",3.5,"Indianapolis",28,0,-1,0,0,27,28,3.5,0,-1,0,11,2024
38,"Denver",1.5,"Atlanta",6,1,32,1,0,38,6,1.5,1,32,1,11,2024
17,"San Francisco",6.5,"Seattle",20,0,-3,0,0,17,20,6.5,0,-3,0,11,2024
30,"Buffalo",2.5,"Kansas City",21,1,9,1,0,30,21,2.5,1,9,1,11,2024
34,"LA Chargers",1.5,"Cincinnati",27,1,7,1,0,34,27,1.5,1,7,1,11,2024
34,"Houston",7.5,"Dallas",10,1,24,1,1,10,34,-7.5,0,-24,0,11,2024
19,"Pittsburgh",3.5,"Cleveland",24,0,-5,0,1,24,19,-3.5,1,5,1,12,2024
30,"Minnesota",3.5,"Chicago",27,0,3,1,1,27,30,-3.5,1,-3,0,12,2024
24,"Detroit",7.5,"Indianapolis",6,1,18,1,1,6,24,-7.5,0,-18,0,12,2024
34,"Miami",7.5,"New England",15,1,19,1,0,34,15,7.5,1,19,1,12,2024
30,"Tampa Bay",5.5,"NY Giants",7,1,23,1,1,7,30,-5.5,0,-23,0,12,2024
26,"Washington",10.5,"Dallas",34,0,-8,0,0,26,34,10.5,0,-8,0,12,2024
30,"Kansas City",11.5,"Carolina",27,0,3,1,1,27,30,-11.5,1,-3,0,12,2024
27,"Houston",8.5,"Tennessee",32,0,-5,0,0,27,32,8.5,0,-5,0,12,2024
29,"Denver",5.5,"Las Vegas",19,1,10,1,1,19,29,-5.5,0,-10,0,12,2024
38,"Green Bay",2.5,"San Francisco",10,1,28,1,0,38,10,2.5,1,28,1,12,2024
16,"Seattle",1.5,"Arizona",6,1,10,1,0,16,6,1.5,1,10,1,12,2024
37,"Philadelphia",2.5,"LA Rams",20,1,17,1,1,20,37,-2.5,0,-17,0,12,2024
30,"Baltimore",2.5,"LA Chargers",23,1,7,1,1,23,30,-2.5,0,-7,0,12,2024
23,"Detroit",11.5,"Chicago",20,0,3,1,0,23,20,11.5,0,3,1,13,2024
27,"Dallas",3.5,"NY Giants",20,1,7,1,0,27,20,3.5,1,7,1,13,2024
30,"Green Bay",3.5,"Miami",17,1,13,1,0,30,17,3.5,1,13,1,13,2024
19,"Kansas City",13.5,"Las Vegas",17,0,2,1,0,19,17,13.5,0,2,1,13,2024
17,"LA Chargers",1.5,"Atlanta",13,1,4,1,1,13,17,-1.5,0,-4,0,13,2024
38,"Cincinnati",2.5,"Pittsburgh",44,0,-6,0,0,38,44,2.5,0,-6,0,13,2024
23,"Minnesota",3.5,"Arizona",22,0,1,1,0,23,22,3.5,0,1,1,13,2024
25,"Indianapolis",2.5,"New England",24,0,1,1,1,24,25,-2.5,1,-1,0,13,2024
26,"Seattle",2.5,"NY Jets",21,1,5,1,1,21,26,-2.5,0,-5,0,13,2024
42,"Washington",5.5,"Tennessee",19,1,23,1,0,42,19,5.5,1,23,1,13,2024
23,"Houston",4.5,"Jacksonville",20,0,3,1,1,20,23,-4.5,1,-3,0,13,2024
21,"LA Rams",2.5,"New Orleans",14,1,7,1,1,14,21,-2.5,0,-7,0,13,2024
26,"Tampa Bay",5.5,"Carolina",23,0,3,1,1,23,26,-5.5,1,-3,0,13,2024
19,"Baltimore",2.5,"Philadelphia",24,0,-5,0,0,19,24,2.5,0,-5,0,13,2024
35,"Buffalo",6.5,"San Francisco",10,1,25,1,0,35,10,6.5,1,25,1,13,2024
41,"Denver",5.5,"Cleveland",32,1,9,1,0,41,32,5.5,1,9,1,13,2024
34,"Detroit",3.5,"Green Bay",31,0,3,1,0,34,31,3.5,0,3,1,14,2024
6,"Tennessee",3.5,"Jacksonville",10,0,-4,0,0,6,10,3.5,0,-4,0,14,2024
32,"Miami",6.5,"NY Jets",26,0,6,1,0,32,26,6.5,0,6,1,14,2024
42,"Minnesota",4.5,"Atlanta",21,1,21,1,0,42,21,4.5,1,21,1,14,2024
14,"New Orleans",4.5,"NY Giants",11,0,3,1,1,11,14,-4.5,1,-3,0,14,2024
22,"Phildelphia",12.5,"Carolina",16,0,6,1,0,22,16,12.5,0,6,1,14,2024
27,"Pittsburgh",6.5,"Cleveland",14,1,13,1,1,14,27,-6.5,0,-13,0,14,2024
28,"Tampa Bay",7.5,"Las Vegas",13,1,15,1,0,28,13,7.5,1,15,1,14,2024
18,"Arizona",2.5,"Seattle",30,0,-12,0,0,18,30,2.5,0,-12,0,14,2024
42,"Buffalo",4.5,"LA Rams",44,0,-2,0,1,44,42,-4.5,1,2,1,14,2024
38,"San Francisco",4.5,"Chicago",13,1,25,1,0,38,13,4.5,1,25,1,14,2024
19,"Kansas City",3.5,"LA Chargers",17,0,2,1,0,19,17,3.5,0,2,1,14,2024
27,"Cincinnati",5.5,"Dallas",20,1,7,1,1,20,27,-5.5,0,-7,0,14,2024
6,"San Francisco",2.5,"LA Rams",12,0,-6,0,0,6,12,2.5,0,-6,0,15,2024
21,"Kansas City",5.5,"Cleveland",7,1,14,1,1,7,21,-5.5,0,-14,0,15,2024
37,"Cincinnati",4.5,"Tennessee",27,1,10,1,1,27,37,-4.5,0,-10,0,15,2024
20,"Washington",7.5,"New Orleans",19,0,1,1,1,19,20,-7.5,1,-1,0,15,2024
35,"Baltimore",14.5,"NY Giants",14,1,21,1,1,14,35,-14.5,0,-21,0,15,2024
14,"Carolina",1.5,"Dallas",30,0,-16,0,0,14,30,1.5,0,-16,0,15,2024
32,"NY Jets",3.5,"Jacksonville",25,1,7,1,1,25,32,-3.5,0,-7,0,15,2024
20,"Houston",2.5,"Miami",12,1,8,1,0,20,12,2.5,1,8,1,15,2024
31,"Denver",4.5,"Indianapolis",13,1,18,1,0,31,13,4.5,1,18,1,15,2024
42,"Detroit",1.5,"Buffalo",48,0,-6,0,0,42,48,1.5,0,-6,0,15,2024
27,"Phildelphia",5.5,"Pittsburgh",13,1,14,1,0,27,13,5.5,1,14,1,15,2024
30,"Arizona",6.5,"New England",17,1,13,1,0,30,17,6.5,1,13,1,15,2024
17,"LA Chargers",3.5,"Tampa Bay",40,0,-23,0,0,17,40,3.5,0,-23,0,15,2024
30,"Green Bay",2.5,"Seattle",13,1,17,1,1,13,30,-2.5,0,-17,0,15,2024
30,"Minnesota",6.5,"Chicago",12,1,18,1,0,30,12,6.5,1,18,1,15,2024
15,"Atlanta",4.5,"Las Vegas",9,1,6,1,1,9,15,-4.5,0,-6,0,15,2024
34,"LA Chargers",2.5,"Denver",27,1,7,1,0,34,27,2.5,1,7,1,16,2024
19,"Houston",1.5,"Kansas City",27,0,-8,0,1,27,19,-1.5,1,8,1,16,2024
34,"Baltimore",5.5,"Pittsburgh",17,1,17,1,0,34,17,5.5,1,17,1,16,2024
24,"Cincinnati",6.5,"Cleveland",6,1,18,1,0,24,6,6.5,1,18,1,16,2024
34,"Atlanta",9.5,"NY Giants",7,1,27,1,0,34,7,9.5,1,27,1,16,2024
34,"Detroit",6.5,"Chicago",17,1,17,1,1,17,34,-6.5,0,-17,0,16,2024
38,"Indianapolis",4.5,"Tennessee",30,1,8,1,0,38,30,4.5,1,8,1,16,2024
19,"LA Rams",3.5,"NY Jets",9,1,10,1,1,9,19,-3.5,0,-10,0,16,2024
33,"Philadelphia",3.5,"Washington",36,0,-3,0,1,36,33,-3.5,1,3,1,16,2024
30,"Arizona",3.5,"Carolina",36,0,-6,0,1,36,30,-3.5,1,6,1,16,2024
27,"Minnesota",2.5,"Seattle",24,1,3,1,1,24,27,-2.5,0,-3,0,16,2024
24,"Buffalo",13.5,"New England",21,0,3,1,0,24,21,13.5,0,3,1,16,2024
14,"Jacksonville",0.5,"Las Vegas",19,0,-5,0,1,19,14,-0.5,1,5,1,16,2024
29,"Miami",1.5,"San Francisco",17,1,12,1,0,29,17,1.5,1,12,1,16,2024
24,"Tampa Bay",3.5,"Dallas",26,0,-2,0,1,26,24,-3.5,1,2,1,16,2024
34,"Green Bay",13.5,"New Orleans",0,1,34,1,0,34,0,13.5,1,34,1,16,2024
29,"Kansas City",2.5,"Pittsburgh",10,1,19,1,1,10,29,-2.5,0,-19,0,17,2024
31,"Baltimore",5.5,"Houston",2,1,29,1,1,2,31,-5.5,0,-29,0,17,2024
6,"Seattle",3.5,"Chicago",3,0,3,1,1,3,6,-3.5,1,-3,0,17,2024
40,"LA Chargers",5.5,"New England",7,1,33,1,1,7,40,-5.5,0,-33,0,17,2024
30,"Cincinnati",3.5,"Denver",24,1,6,1,0,30,24,3.5,1,6,1,17,2024
13,"LA Rams",5.5,"Arizona",9,0,4,1,0,13,9,5.5,0,4,1,17,2024
33,"Indianapolis",7.5,"NY Giants",45,0,-12,0,1,45,33,-7.5,1,12,1,17,2024
40,"Buffalo",9.5,"NY Jets",14,1,26,1,0,40,14,9.5,1,26,1,17,2024
10,"New Orleans",1.5,"Las Vegas",25,0,-15,0,0,10,25,1.5,0,-15,0,17,2024
48,"Tampa Bay",7.5,"Carolina",14,1,34,1,0,48,14,7.5,1,34,1,17,2024
20,"Jacksonville",0.5,"Tennessee",13,1,7,1,0,20,13,0.5,1,7,1,17,2024
41,"Phildelphia",9.5,"Dallas",7,1,34,1,0,41,7,9.5,1,34,1,17,2024
20,"Miami",6.5,"Cleveland",3,1,17,1,1,3,20,-6.5,0,-17,0,17,2024
27,"Minnesota",1.5,"Green Bay",25,1,2,1,0,27,25,1.5,1,2,1,17,2024
30,"Washington",4.5,"Atlanta",24,1,6,1,0,30,24,4.5,1,6,1,17,2024
40,"Detroit",3.5,"San Francisco",34,1,6,1,1,34,40,-3.5,0,-6,0,17,2024
35,"Baltimore",17.5,"Cleveland",10,1,25,1,0,35,10,17.5,1,25,1,18,2024
19,"Cincinnati",2.5,"Pittsburgh",17,0,2,1,1,17,19,-2.5,1,-2,0,18,2024
38,"Atlanta",7.5,"Carolina",44,0,-6,0,0,38,44,7.5,0,-6,0,18,2024
23,"Washington",3.5,"Dallas",19,1,4,1,1,19,23,-3.5,0,-4,0,18,2024
22,"Green Bay",9.5,"Chicago",24,0,-2,0,0,22,24,9.5,0,-2,0,18,2024
14,"Tennessee",4.5,"Houston",23,0,-9,0,0,14,23,4.5,0,-9,0,18,2024
26,"Indianapolis",5.5,"Jacksonville",23,0,3,1,0,26,23,5.5,0,3,1,18,2024
16,"Buffalo",2.5,"New England",23,0,-7,0,1,23,16,-2.5,1,7,1,18,2024
20,"Phildelphia",3.5,"NY Giants",13,1,7,1,0,20,13,3.5,1,7,1,18,2024
27,"Tampa Bay",13.5,"New Orleans",19,0,8,1,0,27,19,13.5,0,8,1,18,2024
38,"Denver",8.5,"Kansas City",0,1,38,1,0,38,0,8.5,1,38,1,18,2024
34,"LA Chargers",5.5,"Las Vegas",20,1,14,1,1,20,34,-5.5,0,-14,0,18,2024
30,"Seattle",0.5,"LA Rams",25,1,5,1,1,25,30,-0.5,0,-5,0,18,2024
20,"Miami",2.5,"NY Jets",32,0,-12,0,1,32,20,-2.5,1,12,1,18,2024
24,"San Francisco",0.5,"Arizona",47,0,-23,0,1,47,24,-0.5,1,23,1,18,2024
31,"Detroit",2.5,"Minnesota",9,1,22,1,0,31,9,2.5,1,22,1,18,2024
